<experiment>
  <configHash>aaa7f07b33ef293ba0cc17b338b8484a</configHash>
  <outputDir>/home/greenlab/android-runner/android-runner/config/output/2021.11.01_220644/</outputDir>
  <runsToRun/>
  <runsDone>
    <run runId="0">
      <device>pixel3</device>
      <path>com.google.android.apps.meetings</path>
      <runCount>1</runCount>
    </run>
    <run runId="1">
      <device>pixel3</device>
      <path>com.google.android.apps.meetings</path>
      <runCount>2</runCount>
    </run>
    <run runId="2">
      <device>pixel3</device>
      <path>com.google.android.apps.meetings</path>
      <runCount>3</runCount>
    </run>
    <run runId="3">
      <device>pixel3</device>
      <path>com.google.android.apps.meetings</path>
      <runCount>4</runCount>
    </run>
    <run runId="4">
      <device>pixel3</device>
      <path>com.google.android.apps.meetings</path>
      <runCount>5</runCount>
    </run>
  </runsDone>
</experiment>
