<experiment>
  <configHash>f7f6b8b4b4bda14cba219df14296a112</configHash>
  <outputDir>/home/greenlab/android-runner/android-runner/config/output/2021.10.31_134706/</outputDir>
  <runsToRun/>
  <runsDone>
    <run runId="0">
      <device>pixel3</device>
      <path>com.google.android.apps.meetings</path>
      <runCount>1</runCount>
    </run>
    <run runId="1">
      <device>pixel3</device>
      <path>com.google.android.apps.meetings</path>
      <runCount>2</runCount>
    </run>
    <run runId="2">
      <device>pixel3</device>
      <path>com.google.android.apps.meetings</path>
      <runCount>3</runCount>
    </run>
    <run runId="3">
      <device>pixel3</device>
      <path>com.google.android.apps.meetings</path>
      <runCount>4</runCount>
    </run>
    <run runId="4">
      <device>pixel3</device>
      <path>com.google.android.apps.meetings</path>
      <runCount>5</runCount>
    </run>
    <run runId="5">
      <device>pixel3</device>
      <path>com.google.android.apps.meetings</path>
      <runCount>6</runCount>
    </run>
    <run runId="6">
      <device>pixel3</device>
      <path>com.google.android.apps.meetings</path>
      <runCount>7</runCount>
    </run>
    <run runId="7">
      <device>pixel3</device>
      <path>com.google.android.apps.meetings</path>
      <runCount>8</runCount>
    </run>
    <run runId="8">
      <device>pixel3</device>
      <path>com.google.android.apps.meetings</path>
      <runCount>9</runCount>
    </run>
    <run runId="9">
      <device>pixel3</device>
      <path>com.google.android.apps.meetings</path>
      <runCount>10</runCount>
    </run>
    <run runId="10">
      <device>pixel3</device>
      <path>com.google.android.apps.meetings</path>
      <runCount>11</runCount>
    </run>
    <run runId="11">
      <device>pixel3</device>
      <path>com.google.android.apps.meetings</path>
      <runCount>12</runCount>
    </run>
    <run runId="12">
      <device>pixel3</device>
      <path>com.google.android.apps.meetings</path>
      <runCount>13</runCount>
    </run>
    <run runId="13">
      <device>pixel3</device>
      <path>com.google.android.apps.meetings</path>
      <runCount>14</runCount>
    </run>
    <run runId="14">
      <device>pixel3</device>
      <path>com.google.android.apps.meetings</path>
      <runCount>15</runCount>
    </run>
    <run runId="15">
      <device>pixel3</device>
      <path>com.google.android.apps.meetings</path>
      <runCount>16</runCount>
    </run>
    <run runId="16">
      <device>pixel3</device>
      <path>com.google.android.apps.meetings</path>
      <runCount>17</runCount>
    </run>
    <run runId="17">
      <device>pixel3</device>
      <path>com.google.android.apps.meetings</path>
      <runCount>18</runCount>
    </run>
    <run runId="18">
      <device>pixel3</device>
      <path>com.google.android.apps.meetings</path>
      <runCount>19</runCount>
    </run>
    <run runId="19">
      <device>pixel3</device>
      <path>com.google.android.apps.meetings</path>
      <runCount>20</runCount>
    </run>
  </runsDone>
</experiment>
